--  初始化角色、权限、超管

INSERT INTO `role` (`id`, `rolename`, `rolecode`, `update_time`, `create_time`, `update_by`, `create_by`, `update_id`, `create_id`) VALUES (1, '图书管理员', 'manager', '2024-07-21 01:35:14', '2024-07-21 01:35:17', '系统', '系统', -1, -1);
INSERT INTO `role` (`id`, `rolename`, `rolecode`, `update_time`, `create_time`, `update_by`, `create_by`, `update_id`, `create_id`) VALUES (2, '普通用户', 'general', '2024-07-21 01:36:44', '2024-07-21 01:36:48', '系统', '系统', -1, -1);
INSERT INTO `role` (`id`, `rolename`, `rolecode`, `update_time`, `create_time`, `update_by`, `create_by`, `update_id`, `create_id`) VALUES (3, '超级管理员', 'superManager', '2024-07-21 13:12:57', '2024-07-21 13:12:59', '系统', '系统', -1, -1);

INSERT INTO `auth` (`id`, `module_name`, `module_code`, `auth_name`, `auth_type`, `menu_name`, `menu_url`, `update_time`, `create_time`, `update_by`, `create_by`, `update_id`, `create_id`) VALUES (1, '用户管理', 'usermanager', '修改', 'update', '密码修改', '/booksmanager/user/password', '2024-07-21 17:13:21', '2024-07-21 17:13:30', '系统', '系统', -1, -1);
INSERT INTO `auth` (`id`, `module_name`, `module_code`, `auth_name`, `auth_type`, `menu_name`, `menu_url`, `update_time`, `create_time`, `update_by`, `create_by`, `update_id`, `create_id`) VALUES (2, '用户管理', 'usermanager', '修改', 'update', '用户信息修改', '/booksmanager/user/update', '2024-07-21 17:13:21', '2024-07-21 17:13:30', '系统', '系统', -1, -1);
INSERT INTO `auth` (`id`, `module_name`, `module_code`, `auth_name`, `auth_type`, `menu_name`, `menu_url`, `update_time`, `create_time`, `update_by`, `create_by`, `update_id`, `create_id`) VALUES (3, '用户管理', 'usermanager', '删除', 'delete', '用户删除', '/booksmanager/user/deleteBatch', '2024-07-21 17:13:21', '2024-07-21 17:13:30', '系统', '系统', -1, -1);
INSERT INTO `auth` (`id`, `module_name`, `module_code`, `auth_name`, `auth_type`, `menu_name`, `menu_url`, `update_time`, `create_time`, `update_by`, `create_by`, `update_id`, `create_id`) VALUES (4, '用户管理', 'usermanager', '查询', 'select', '分页查询用户信息', '/booksmanager/user/findPage', '2024-07-21 17:13:21', '2024-07-21 17:13:30', '系统', '系统', -1, -1);
INSERT INTO `auth` (`id`, `module_name`, `module_code`, `auth_name`, `auth_type`, `menu_name`, `menu_url`, `update_time`, `create_time`, `update_by`, `create_by`, `update_id`, `create_id`) VALUES (7, '借阅管理', 'lendmanager', '修改', 'update', '图书借阅', '/booksmanager/readerbookref/lend', '2024-07-21 17:13:21', '2024-07-21 17:13:30', '系统', '系统', -1, -1);
INSERT INTO `auth` (`id`, `module_name`, `module_code`, `auth_name`, `auth_type`, `menu_name`, `menu_url`, `update_time`, `create_time`, `update_by`, `create_by`, `update_id`, `create_id`) VALUES (8, '借阅管理', 'lendmanager', '修改', 'update', '图书归还', '/booksmanager/readerbookref/back', '2024-07-21 17:13:21', '2024-07-21 17:13:30', '系统', '系统', -1, -1);
INSERT INTO `auth` (`id`, `module_name`, `module_code`, `auth_name`, `auth_type`, `menu_name`, `menu_url`, `update_time`, `create_time`, `update_by`, `create_by`, `update_id`, `create_id`) VALUES (9, '借阅管理', 'lendmanager', '查询', 'select', '查看当前借阅图书人员列表', '/booksmanager/readerbookref/findPage', '2024-07-21 17:13:21', '2024-07-21 17:13:30', '系统', '系统', -1, -1);
INSERT INTO `auth` (`id`, `module_name`, `module_code`, `auth_name`, `auth_type`, `menu_name`, `menu_url`, `update_time`, `create_time`, `update_by`, `create_by`, `update_id`, `create_id`) VALUES (10, '图书管理', 'booksmanager', '新增', 'add', '图书新增', '/booksmanager/book/save', '2024-07-21 17:13:21', '2024-07-21 17:13:30', '系统', '系统', -1, -1);
INSERT INTO `auth` (`id`, `module_name`, `module_code`, `auth_name`, `auth_type`, `menu_name`, `menu_url`, `update_time`, `create_time`, `update_by`, `create_by`, `update_id`, `create_id`) VALUES (11, '图书管理', 'booksmanager', '删除', 'delete', '图书批量删除', '/booksmanager/book/deleteBatch', '2024-07-21 17:13:21', '2024-07-21 17:13:30', '系统', '系统', -1, -1);
INSERT INTO `auth` (`id`, `module_name`, `module_code`, `auth_name`, `auth_type`, `menu_name`, `menu_url`, `update_time`, `create_time`, `update_by`, `create_by`, `update_id`, `create_id`) VALUES (12, '图书管理', 'booksmanager', '修改', 'update', '图书修改', '/booksmanager/book/update', '2024-07-21 17:13:21', '2024-07-21 17:13:30', '系统', '系统', -1, -1);
INSERT INTO `auth` (`id`, `module_name`, `module_code`, `auth_name`, `auth_type`, `menu_name`, `menu_url`, `update_time`, `create_time`, `update_by`, `create_by`, `update_id`, `create_id`) VALUES (13, '图书管理', 'booksmanager', '查询', 'select', '图书查看详情', '/booksmanager/book/detail', '2024-07-21 17:13:21', '2024-07-21 17:13:30', '系统', '系统', -1, -1);
INSERT INTO `auth` (`id`, `module_name`, `module_code`, `auth_name`, `auth_type`, `menu_name`, `menu_url`, `update_time`, `create_time`, `update_by`, `create_by`, `update_id`, `create_id`) VALUES (14, '图书管理', 'booksmanager', '查询', 'select', '图书列表分页查询', '/booksmanager/book/findPage', '2024-07-21 17:13:21', '2024-07-21 17:13:30', '系统', '系统', -1, -1);

INSERT INTO `role_auth_ref` (`id`, `role_id`, `auth_id`, `update_time`, `create_time`, `update_by`, `create_by`, `update_id`, `create_id`) VALUES (1, 3, 1, '2024-07-21 17:29:58', '2024-07-21 17:30:00', '系统', '系统', -1, -1);
INSERT INTO `role_auth_ref` (`id`, `role_id`, `auth_id`, `update_time`, `create_time`, `update_by`, `create_by`, `update_id`, `create_id`) VALUES (2, 3, 2, '2024-07-21 17:29:58', '2024-07-21 17:30:00', '系统', '系统', -1, -1);
INSERT INTO `role_auth_ref` (`id`, `role_id`, `auth_id`, `update_time`, `create_time`, `update_by`, `create_by`, `update_id`, `create_id`) VALUES (3, 3, 3, '2024-07-21 17:29:58', '2024-07-21 17:30:00', '系统', '系统', -1, -1);
INSERT INTO `role_auth_ref` (`id`, `role_id`, `auth_id`, `update_time`, `create_time`, `update_by`, `create_by`, `update_id`, `create_id`) VALUES (4, 3, 4, '2024-07-21 17:29:58', '2024-07-21 17:30:00', '系统', '系统', -1, -1);
INSERT INTO `role_auth_ref` (`id`, `role_id`, `auth_id`, `update_time`, `create_time`, `update_by`, `create_by`, `update_id`, `create_id`) VALUES (5, 3, 5, '2024-07-21 17:29:58', '2024-07-21 17:30:00', '系统', '系统', -1, -1);
INSERT INTO `role_auth_ref` (`id`, `role_id`, `auth_id`, `update_time`, `create_time`, `update_by`, `create_by`, `update_id`, `create_id`) VALUES (6, 3, 6, '2024-07-21 17:29:58', '2024-07-21 17:30:00', '系统', '系统', -1, -1);
INSERT INTO `role_auth_ref` (`id`, `role_id`, `auth_id`, `update_time`, `create_time`, `update_by`, `create_by`, `update_id`, `create_id`) VALUES (7, 3, 7, '2024-07-21 17:29:58', '2024-07-21 17:30:00', '系统', '系统', -1, -1);
INSERT INTO `role_auth_ref` (`id`, `role_id`, `auth_id`, `update_time`, `create_time`, `update_by`, `create_by`, `update_id`, `create_id`) VALUES (8, 3, 8, '2024-07-21 17:29:58', '2024-07-21 17:30:00', '系统', '系统', -1, -1);
INSERT INTO `role_auth_ref` (`id`, `role_id`, `auth_id`, `update_time`, `create_time`, `update_by`, `create_by`, `update_id`, `create_id`) VALUES (9, 3, 9, '2024-07-21 17:29:58', '2024-07-21 17:30:00', '系统', '系统', -1, -1);
INSERT INTO `role_auth_ref` (`id`, `role_id`, `auth_id`, `update_time`, `create_time`, `update_by`, `create_by`, `update_id`, `create_id`) VALUES (10, 3, 10, '2024-07-21 17:29:58', '2024-07-21 17:30:00', '系统', '系统', -1, -1);
INSERT INTO `role_auth_ref` (`id`, `role_id`, `auth_id`, `update_time`, `create_time`, `update_by`, `create_by`, `update_id`, `create_id`) VALUES (11, 3, 11, '2024-07-21 17:29:58', '2024-07-21 17:30:00', '系统', '系统', -1, -1);
INSERT INTO `role_auth_ref` (`id`, `role_id`, `auth_id`, `update_time`, `create_time`, `update_by`, `create_by`, `update_id`, `create_id`) VALUES (12, 3, 12, '2024-07-21 17:29:58', '2024-07-21 17:30:00', '系统', '系统', -1, -1);
INSERT INTO `role_auth_ref` (`id`, `role_id`, `auth_id`, `update_time`, `create_time`, `update_by`, `create_by`, `update_id`, `create_id`) VALUES (13, 3, 13, '2024-07-21 17:29:58', '2024-07-21 17:30:00', '系统', '系统', -1, -1);
INSERT INTO `role_auth_ref` (`id`, `role_id`, `auth_id`, `update_time`, `create_time`, `update_by`, `create_by`, `update_id`, `create_id`) VALUES (14, 3, 14, '2024-07-21 17:29:58', '2024-07-21 17:30:00', '系统', '系统', -1, -1);
INSERT INTO `role_auth_ref` (`id`, `role_id`, `auth_id`, `update_time`, `create_time`, `update_by`, `create_by`, `update_id`, `create_id`) VALUES (15, 2, 1, '2024-07-21 17:29:58', '2024-07-21 17:30:00', '系统', '系统', -1, -1);
INSERT INTO `role_auth_ref` (`id`, `role_id`, `auth_id`, `update_time`, `create_time`, `update_by`, `create_by`, `update_id`, `create_id`) VALUES (16, 2, 2, '2024-07-21 17:29:58', '2024-07-21 17:30:00', '系统', '系统', -1, -1);
INSERT INTO `role_auth_ref` (`id`, `role_id`, `auth_id`, `update_time`, `create_time`, `update_by`, `create_by`, `update_id`, `create_id`) VALUES (17, 2, 7, '2024-07-21 17:29:58', '2024-07-21 17:30:00', '系统', '系统', -1, -1);
INSERT INTO `role_auth_ref` (`id`, `role_id`, `auth_id`, `update_time`, `create_time`, `update_by`, `create_by`, `update_id`, `create_id`) VALUES (18, 2, 8, '2024-07-21 17:29:58', '2024-07-21 17:30:00', '系统', '系统', -1, -1);
INSERT INTO `role_auth_ref` (`id`, `role_id`, `auth_id`, `update_time`, `create_time`, `update_by`, `create_by`, `update_id`, `create_id`) VALUES (19, 1, 1, '2024-07-21 17:29:58', '2024-07-21 17:30:00', '系统', '系统', -1, -1);
INSERT INTO `role_auth_ref` (`id`, `role_id`, `auth_id`, `update_time`, `create_time`, `update_by`, `create_by`, `update_id`, `create_id`) VALUES (20, 1, 2, '2024-07-21 17:29:58', '2024-07-21 17:30:00', '系统', '系统', -1, -1);
INSERT INTO `role_auth_ref` (`id`, `role_id`, `auth_id`, `update_time`, `create_time`, `update_by`, `create_by`, `update_id`, `create_id`) VALUES (21, 1, 7, '2024-07-21 17:29:58', '2024-07-21 17:30:00', '系统', '系统', -1, -1);
INSERT INTO `role_auth_ref` (`id`, `role_id`, `auth_id`, `update_time`, `create_time`, `update_by`, `create_by`, `update_id`, `create_id`) VALUES (22, 1, 8, '2024-07-21 17:29:58', '2024-07-21 17:30:00', '系统', '系统', -1, -1);
INSERT INTO `role_auth_ref` (`id`, `role_id`, `auth_id`, `update_time`, `create_time`, `update_by`, `create_by`, `update_id`, `create_id`) VALUES (23, 1, 9, '2024-07-21 17:29:58', '2024-07-21 17:30:00', '系统', '系统', -1, -1);
INSERT INTO `role_auth_ref` (`id`, `role_id`, `auth_id`, `update_time`, `create_time`, `update_by`, `create_by`, `update_id`, `create_id`) VALUES (24, 1, 10, '2024-07-21 17:29:58', '2024-07-21 17:30:00', '系统', '系统', -1, -1);
INSERT INTO `role_auth_ref` (`id`, `role_id`, `auth_id`, `update_time`, `create_time`, `update_by`, `create_by`, `update_id`, `create_id`) VALUES (25, 1, 11, '2024-07-21 17:29:58', '2024-07-21 17:30:00', '系统', '系统', -1, -1);
INSERT INTO `role_auth_ref` (`id`, `role_id`, `auth_id`, `update_time`, `create_time`, `update_by`, `create_by`, `update_id`, `create_id`) VALUES (26, 1, 12, '2024-07-21 17:29:58', '2024-07-21 17:30:00', '系统', '系统', -1, -1);
INSERT INTO `role_auth_ref` (`id`, `role_id`, `auth_id`, `update_time`, `create_time`, `update_by`, `create_by`, `update_id`, `create_id`) VALUES (27, 1, 13, '2024-07-21 17:29:58', '2024-07-21 17:30:00', '系统', '系统', -1, -1);
INSERT INTO `role_auth_ref` (`id`, `role_id`, `auth_id`, `update_time`, `create_time`, `update_by`, `create_by`, `update_id`, `create_id`) VALUES (28, 1, 14, '2024-07-21 17:29:58', '2024-07-21 17:30:00', '系统', '系统', -1, -1);
INSERT INTO `role_auth_ref` (`id`, `role_id`, `auth_id`, `update_time`, `create_time`, `update_by`, `create_by`, `update_id`, `create_id`) VALUES (29, 2, 13, '2024-07-21 17:29:58', '2024-07-21 17:30:00', '系统', '系统', -1, -1);
INSERT INTO `role_auth_ref` (`id`, `role_id`, `auth_id`, `update_time`, `create_time`, `update_by`, `create_by`, `update_id`, `create_id`) VALUES (30, 2, 14, '2024-07-21 17:29:58', '2024-07-21 17:30:00', '系统', '系统', -1, -1);
INSERT INTO `b_user` (`id`, `username`, `password`, `nick_name`, `phone`, `email`, `sex`, `address`, `update_time`, `create_time`, `update_by`, `create_by`, `update_id`, `create_id`) VALUES (1, 'supermanager', 'superman', '超级管理员', '18146639867', 'hnwangqq_666@163.com', '男', '海南省海口市江东区', '2024-07-21 17:28:58', '2024-07-31 17:29:02', '系统', '系统', -1, -1);
INSERT INTO `user_role_ref` (`id`, `user_id`, `role_id`, `update_time`, `create_time`, `update_by`, `create_by`, `update_id`, `create_id`) VALUES (1, 1, 3, '2024-07-21 17:42:59', '2024-07-21 17:43:01', '系统', '系统', -1, -1);
